<?xml version="1.0" encoding="UTF-8"?>
<BaliMessageLog>
    <Task name="Bitgen">
        <Message>
            <ID>1009992</ID>
            <Severity>Info</Severity>
            <Dynamic> SW_XO3D_SECURITY_ENCRYPTION *NOT* controlled by mj5g00.acd ###</Dynamic>
        </Message>
        <Message>
            <ID>1009992</ID>
            <Severity>Info</Severity>
            <Dynamic> SW_XO3D_SECURITY_ENCRYPTION license_securityIP OK</Dynamic>
        </Message>
    </Task>
    <Task name="Lattice_Synthesis">
        <Message>
            <ID>35002000</ID>
            <Severity>Info</Severity>
        </Message>
        <Message>
            <ID>35001781</ID>
            <Severity>Info</Severity>
        </Message>
        <Message>
            <ID>35901018</ID>
            <Severity>Info</Severity>
            <Dynamic>c:/users/bruni/downloads/latticeproj_fprogclk (1)/latticeproj_fprogclk/proj/impl1/source/system_top.v(1): </Dynamic>
            <Dynamic>system_top</Dynamic>
            <Navigation>c:/users/bruni/downloads/latticeproj_fprogclk (1)/latticeproj_fprogclk/proj/impl1/source/system_top.v</Navigation>
            <Navigation>1</Navigation>
        </Message>
        <Message>
            <ID>35901209</ID>
            <Severity>Warning</Severity>
            <Dynamic>c:/users/bruni/downloads/latticeproj_fprogclk (1)/latticeproj_fprogclk/proj/impl1/source/system_top.v(27): </Dynamic>
            <Dynamic>32</Dynamic>
            <Dynamic>3</Dynamic>
            <Navigation>c:/users/bruni/downloads/latticeproj_fprogclk (1)/latticeproj_fprogclk/proj/impl1/source/system_top.v</Navigation>
            <Navigation>27</Navigation>
        </Message>
        <Message>
            <ID>35901018</ID>
            <Severity>Info</Severity>
            <Dynamic>c:/users/bruni/downloads/latticeproj_fprogclk (1)/latticeproj_fprogclk/proj/impl1/source/spi_controller.v(23): </Dynamic>
            <Dynamic>SPI_Controller</Dynamic>
            <Navigation>c:/users/bruni/downloads/latticeproj_fprogclk (1)/latticeproj_fprogclk/proj/impl1/source/spi_controller.v</Navigation>
            <Navigation>23</Navigation>
        </Message>
        <Message>
            <ID>35901018</ID>
            <Severity>Info</Severity>
            <Dynamic>c:/users/bruni/downloads/latticeproj_fprogclk (1)/latticeproj_fprogclk/proj/impl1/source/spi_master_with_single_cs.v(3): </Dynamic>
            <Dynamic>SPI_Master_With_Single_CS</Dynamic>
            <Navigation>c:/users/bruni/downloads/latticeproj_fprogclk (1)/latticeproj_fprogclk/proj/impl1/source/spi_master_with_single_cs.v</Navigation>
            <Navigation>3</Navigation>
        </Message>
        <Message>
            <ID>35901018</ID>
            <Severity>Info</Severity>
            <Dynamic>c:/users/bruni/downloads/latticeproj_fprogclk (1)/latticeproj_fprogclk/proj/impl1/source/spi_master.v(3): </Dynamic>
            <Dynamic>SPI_Master(CLKS_PER_HALF_BIT=4)</Dynamic>
            <Navigation>c:/users/bruni/downloads/latticeproj_fprogclk (1)/latticeproj_fprogclk/proj/impl1/source/spi_master.v</Navigation>
            <Navigation>3</Navigation>
        </Message>
        <Message>
            <ID>35901209</ID>
            <Severity>Warning</Severity>
            <Dynamic>c:/users/bruni/downloads/latticeproj_fprogclk (1)/latticeproj_fprogclk/proj/impl1/source/spi_controller.v(129): </Dynamic>
            <Dynamic>32</Dynamic>
            <Dynamic>5</Dynamic>
            <Navigation>c:/users/bruni/downloads/latticeproj_fprogclk (1)/latticeproj_fprogclk/proj/impl1/source/spi_controller.v</Navigation>
            <Navigation>129</Navigation>
        </Message>
        <Message>
            <ID>35901209</ID>
            <Severity>Warning</Severity>
            <Dynamic>c:/users/bruni/downloads/latticeproj_fprogclk (1)/latticeproj_fprogclk/proj/impl1/source/spi_controller.v(139): </Dynamic>
            <Dynamic>32</Dynamic>
            <Dynamic>5</Dynamic>
            <Navigation>c:/users/bruni/downloads/latticeproj_fprogclk (1)/latticeproj_fprogclk/proj/impl1/source/spi_controller.v</Navigation>
            <Navigation>139</Navigation>
        </Message>
        <Message>
            <ID>35901209</ID>
            <Severity>Warning</Severity>
            <Dynamic>c:/users/bruni/downloads/latticeproj_fprogclk (1)/latticeproj_fprogclk/proj/impl1/source/spi_controller.v(141): </Dynamic>
            <Dynamic>32</Dynamic>
            <Dynamic>5</Dynamic>
            <Navigation>c:/users/bruni/downloads/latticeproj_fprogclk (1)/latticeproj_fprogclk/proj/impl1/source/spi_controller.v</Navigation>
            <Navigation>141</Navigation>
        </Message>
        <Message>
            <ID>35901209</ID>
            <Severity>Warning</Severity>
            <Dynamic>c:/users/bruni/downloads/latticeproj_fprogclk (1)/latticeproj_fprogclk/proj/impl1/source/spi_controller.v(147): </Dynamic>
            <Dynamic>32</Dynamic>
            <Dynamic>24</Dynamic>
            <Navigation>c:/users/bruni/downloads/latticeproj_fprogclk (1)/latticeproj_fprogclk/proj/impl1/source/spi_controller.v</Navigation>
            <Navigation>147</Navigation>
        </Message>
        <Message>
            <ID>35901209</ID>
            <Severity>Warning</Severity>
            <Dynamic>c:/users/bruni/downloads/latticeproj_fprogclk (1)/latticeproj_fprogclk/proj/impl1/source/spi_controller.v(159): </Dynamic>
            <Dynamic>32</Dynamic>
            <Dynamic>5</Dynamic>
            <Navigation>c:/users/bruni/downloads/latticeproj_fprogclk (1)/latticeproj_fprogclk/proj/impl1/source/spi_controller.v</Navigation>
            <Navigation>159</Navigation>
        </Message>
        <Message>
            <ID>35901209</ID>
            <Severity>Warning</Severity>
            <Dynamic>c:/users/bruni/downloads/latticeproj_fprogclk (1)/latticeproj_fprogclk/proj/impl1/source/spi_controller.v(161): </Dynamic>
            <Dynamic>32</Dynamic>
            <Dynamic>5</Dynamic>
            <Navigation>c:/users/bruni/downloads/latticeproj_fprogclk (1)/latticeproj_fprogclk/proj/impl1/source/spi_controller.v</Navigation>
            <Navigation>161</Navigation>
        </Message>
        <Message>
            <ID>35901209</ID>
            <Severity>Warning</Severity>
            <Dynamic>c:/users/bruni/downloads/latticeproj_fprogclk (1)/latticeproj_fprogclk/proj/impl1/source/spi_controller.v(185): </Dynamic>
            <Dynamic>32</Dynamic>
            <Dynamic>20</Dynamic>
            <Navigation>c:/users/bruni/downloads/latticeproj_fprogclk (1)/latticeproj_fprogclk/proj/impl1/source/spi_controller.v</Navigation>
            <Navigation>185</Navigation>
        </Message>
        <Message>
            <ID>35901018</ID>
            <Severity>Info</Severity>
            <Dynamic>c:/users/bruni/downloads/latticeproj_fprogclk (1)/latticeproj_fprogclk/proj/impl1/source/fifo.v(22): </Dynamic>
            <Dynamic>FIFO</Dynamic>
            <Navigation>c:/users/bruni/downloads/latticeproj_fprogclk (1)/latticeproj_fprogclk/proj/impl1/source/fifo.v</Navigation>
            <Navigation>22</Navigation>
        </Message>
        <Message>
            <ID>35901209</ID>
            <Severity>Warning</Severity>
            <Dynamic>c:/users/bruni/downloads/latticeproj_fprogclk (1)/latticeproj_fprogclk/proj/impl1/source/fifo.v(45): </Dynamic>
            <Dynamic>32</Dynamic>
            <Dynamic>4</Dynamic>
            <Navigation>c:/users/bruni/downloads/latticeproj_fprogclk (1)/latticeproj_fprogclk/proj/impl1/source/fifo.v</Navigation>
            <Navigation>45</Navigation>
        </Message>
        <Message>
            <ID>35901209</ID>
            <Severity>Warning</Severity>
            <Dynamic>c:/users/bruni/downloads/latticeproj_fprogclk (1)/latticeproj_fprogclk/proj/impl1/source/fifo.v(62): </Dynamic>
            <Dynamic>32</Dynamic>
            <Dynamic>4</Dynamic>
            <Navigation>c:/users/bruni/downloads/latticeproj_fprogclk (1)/latticeproj_fprogclk/proj/impl1/source/fifo.v</Navigation>
            <Navigation>62</Navigation>
        </Message>
        <Message>
            <ID>35901018</ID>
            <Severity>Info</Severity>
            <Dynamic>c:/users/bruni/downloads/latticeproj_fprogclk (1)/latticeproj_fprogclk/proj/impl1/source/fsk_gen.v(22): </Dynamic>
            <Dynamic>fsk_gen</Dynamic>
            <Navigation>c:/users/bruni/downloads/latticeproj_fprogclk (1)/latticeproj_fprogclk/proj/impl1/source/fsk_gen.v</Navigation>
            <Navigation>22</Navigation>
        </Message>
        <Message>
            <ID>35901018</ID>
            <Severity>Info</Severity>
            <Dynamic>c:/users/bruni/downloads/latticeproj_fprogclk (1)/latticeproj_fprogclk/proj/impl1/source/pdm_generator.v(22): </Dynamic>
            <Dynamic>PDM_Generator(clk_div=104,clk_div_1=96)</Dynamic>
            <Navigation>c:/users/bruni/downloads/latticeproj_fprogclk (1)/latticeproj_fprogclk/proj/impl1/source/pdm_generator.v</Navigation>
            <Navigation>22</Navigation>
        </Message>
        <Message>
            <ID>35901220</ID>
            <Severity>Warning</Severity>
            <Dynamic>c:/users/bruni/downloads/latticeproj_fprogclk (1)/latticeproj_fprogclk/proj/impl1/source/pdm_generator.v(32): </Dynamic>
            <Dynamic>data_reg</Dynamic>
            <Navigation>c:/users/bruni/downloads/latticeproj_fprogclk (1)/latticeproj_fprogclk/proj/impl1/source/pdm_generator.v</Navigation>
            <Navigation>32</Navigation>
        </Message>
        <Message>
            <ID>35901209</ID>
            <Severity>Warning</Severity>
            <Dynamic>c:/users/bruni/downloads/latticeproj_fprogclk (1)/latticeproj_fprogclk/proj/impl1/source/pdm_generator.v(43): </Dynamic>
            <Dynamic>32</Dynamic>
            <Dynamic>8</Dynamic>
            <Navigation>c:/users/bruni/downloads/latticeproj_fprogclk (1)/latticeproj_fprogclk/proj/impl1/source/pdm_generator.v</Navigation>
            <Navigation>43</Navigation>
        </Message>
        <Message>
            <ID>35901209</ID>
            <Severity>Warning</Severity>
            <Dynamic>c:/users/bruni/downloads/latticeproj_fprogclk (1)/latticeproj_fprogclk/proj/impl1/source/pdm_generator.v(69): </Dynamic>
            <Dynamic>32</Dynamic>
            <Dynamic>8</Dynamic>
            <Navigation>c:/users/bruni/downloads/latticeproj_fprogclk (1)/latticeproj_fprogclk/proj/impl1/source/pdm_generator.v</Navigation>
            <Navigation>69</Navigation>
        </Message>
        <Message>
            <ID>35901209</ID>
            <Severity>Warning</Severity>
            <Dynamic>c:/users/bruni/downloads/latticeproj_fprogclk (1)/latticeproj_fprogclk/proj/impl1/source/fsk_gen.v(101): </Dynamic>
            <Dynamic>32</Dynamic>
            <Dynamic>6</Dynamic>
            <Navigation>c:/users/bruni/downloads/latticeproj_fprogclk (1)/latticeproj_fprogclk/proj/impl1/source/fsk_gen.v</Navigation>
            <Navigation>101</Navigation>
        </Message>
        <Message>
            <ID>35001771</ID>
            <Severity>Warning</Severity>
            <Dynamic>n508</Dynamic>
        </Message>
        <Message>
            <ID>35001771</ID>
            <Severity>Warning</Severity>
            <Dynamic>pwr</Dynamic>
        </Message>
        <Message>
            <ID>35001774</ID>
            <Severity>Info</Severity>
            <Dynamic>\SPI_inst/r_State</Dynamic>
            <Dynamic>one-hot</Dynamic>
        </Message>
        <Message>
            <ID>35001774</ID>
            <Severity>Info</Severity>
            <Dynamic>\SPI_inst/SPI_Master_Device/r_State</Dynamic>
            <Dynamic>one-hot</Dynamic>
        </Message>
        <Message>
            <ID>35935013</ID>
            <Severity>Warning</Severity>
            <Dynamic>c:/users/bruni/downloads/latticeproj_fprogclk (1)/latticeproj_fprogclk/proj/impl1/source/spi_controller.v(203): </Dynamic>
            <Dynamic>\SPI_inst/r_addr_count__i0</Dynamic>
            <Navigation>c:/users/bruni/downloads/latticeproj_fprogclk (1)/latticeproj_fprogclk/proj/impl1/source/spi_controller.v</Navigation>
            <Navigation>203</Navigation>
        </Message>
    </Task>
    <Task name="PAR">
        <Message>
            <ID>62051007</ID>
            <Severity>Warning</Severity>
            <Dynamic>fpga_clock_c</Dynamic>
        </Message>
    </Task>
</BaliMessageLog>